<?xml version="1.0"?>
<!--<!DOCTYPE metadata SYSTEM "http://www.esri.com/metadata/esriprof80.dtd">-->
<metadata xml:lang="en"><Esri><CreaDate>20090311</CreaDate><CreaTime>09435100</CreaTime><SyncOnce>FALSE</SyncOnce><SyncDate>20090311</SyncDate><SyncTime>13203700</SyncTime><ModDate>20090311</ModDate><ModTime>13203700</ModTime><DataProperties><lineage><Process Name="FeatureClassToFeatureClass_1" ToolSource="C:\Program Files\ArcGIS\ArcToolbox\Toolboxes\Conversion Tools.tbx\FeatureClassToFeatureClass" Date="20080206" Time="134514">FeatureClassToFeatureClass "\\usmasvdzapollo\Geomaps1\TEC Action Folder\CTC_Cult_Mapping_07\CTC_ESOC_08_1\Hic_district_poly_adjusted_6feb08.shp" "\\usmasvdzapollo\Geomaps1\TEC Action Folder\CTC_Cult_Mapping_07\CTC_ESOC_08_1\Topology.mdb\FD" HIC_District_Poly_Adjusted_06Feb2008 # "ADM3NAME ADM3NAME true false false 16 Text 0 0 ,First,#,\\usmasvdzapollo\Geomaps1\TEC Action Folder\CTC_Cult_Mapping_07\CTC_ESOC_08_1\Hic_district_poly_adjusted_6feb08.shp,ADM3NAME,-1,-1;ADM3CODE ADM3CODE true false false 16 Text 0 0 ,First,#,\\usmasvdzapollo\Geomaps1\TEC Action Folder\CTC_Cult_Mapping_07\CTC_ESOC_08_1\Hic_district_poly_adjusted_6feb08.shp,ADM3CODE,-1,-1;PERIMETER PERIMETER true false false 19 Double 3 18 ,First,#,\\usmasvdzapollo\Geomaps1\TEC Action Folder\CTC_Cult_Mapping_07\CTC_ESOC_08_1\Hic_district_poly_adjusted_6feb08.shp,PERIMETER,-1,-1;ACRES ACRES true false false 19 Double 3 18 ,First,#,\\usmasvdzapollo\Geomaps1\TEC Action Folder\CTC_Cult_Mapping_07\CTC_ESOC_08_1\Hic_district_poly_adjusted_6feb08.shp,ACRES,-1,-1;HECTARES HECTARES true false false 19 Double 3 18 ,First,#,\\usmasvdzapollo\Geomaps1\TEC Action Folder\CTC_Cult_Mapping_07\CTC_ESOC_08_1\Hic_district_poly_adjusted_6feb08.shp,HECTARES,-1,-1;ADM2NAME ADM2NAME true false false 16 Text 0 0 ,First,#,\\usmasvdzapollo\Geomaps1\TEC Action Folder\CTC_Cult_Mapping_07\CTC_ESOC_08_1\Hic_district_poly_adjusted_6feb08.shp,ADM2NAME,-1,-1;ADM2CODE ADM2CODE true false false 16 Text 0 0 ,First,#,\\usmasvdzapollo\Geomaps1\TEC Action Folder\CTC_Cult_Mapping_07\CTC_ESOC_08_1\Hic_district_poly_adjusted_6feb08.shp,ADM2CODE,-1,-1;NUMBER_ NUMBER_ true false false 15 Double 0 15 ,First,#,\\usmasvdzapollo\Geomaps1\TEC Action Folder\CTC_Cult_Mapping_07\CTC_ESOC_08_1\Hic_district_poly_adjusted_6feb08.shp,NUMBER,-1,-1;INTERN_ID INTERN_ID true false false 13 Double 0 13 ,First,#,\\usmasvdzapollo\Geomaps1\TEC Action Folder\CTC_Cult_Mapping_07\CTC_ESOC_08_1\Hic_district_poly_adjusted_6feb08.shp,INTERN_ID,-1,-1;area_sq_m area_sq_m true false false 19 Double 11 18 ,First,#,\\usmasvdzapollo\Geomaps1\TEC Action Folder\CTC_Cult_Mapping_07\CTC_ESOC_08_1\Hic_district_poly_adjusted_6feb08.shp,area_sq_m,-1,-1" # "\\usmasvdzapollo\Geomaps1\TEC Action Folder\CTC_Cult_Mapping_07\CTC_ESOC_08_1\Topology.mdb\FD\HIC_District_Poly_Adjusted_06Feb2008"</Process><Process Name="Project_1" ToolSource="C:\Program Files\ArcGIS\ArcToolbox\Toolboxes\Data Management Tools.tbx\Project" Date="20080211" Time="142308">Project "C:\Iraq Conflict Project\Iraq GIS Data\Boundary_Spending_Conflict Data (Hic_adjusted_7feb08)\District_shp_7feb2008\Hic_district_poly_adjusted_7feb08_original.shp" "C:\Iraq Conflict Project\Iraq GIS Data\Boundary_Spending_Conflict Data (Hic_adjusted_7feb08)\District_shp_7feb2008\Hic_district_poly_adjusted_7feb08_gcs_wgs_84.shp" GEOGCS['GCS_WGS_1984',DATUM['D_WGS_1984',SPHEROID['WGS_1984',6378137.0,298.257223563]],PRIMEM['Greenwich',0.0],UNIT['Degree',0.0174532925199433]] NAD_1927_DEF_1976_To_WGS_1984_1 GEOGCS['GCS_NAD_1927_Definition_1976',DATUM['D_NAD_1927_Definition_1976',SPHEROID['Clarke_1866',6378206.4,294.9786982]],PRIMEM['Greenwich',0.0],UNIT['Degree',0.0174532925199433]]</Process><Process Name="Project_2" ToolSource="C:\Program Files\ArcGIS\ArcToolbox\Toolboxes\Data Management Tools.tbx\Project" Date="20080211" Time="142516">Project "C:\Iraq Conflict Project\Iraq GIS Data\Boundary_Spending_Conflict Data (Hic_adjusted_7feb08)\District_shp_7feb2008\Hic_district_poly_adjusted_7feb08_gcs_wgs_84.shp" "C:\Iraq Conflict Project\Iraq GIS Data\Boundary_Spending_Conflict Data (Hic_adjusted_7feb08)\District_shp_7feb2008\Hic_district_poly_adjusted_7feb08_utm_38N.shp" PROJCS['WGS_1984_UTM_Zone_38N',GEOGCS['GCS_WGS_1984',DATUM['D_WGS_1984',SPHEROID['WGS_1984',6378137.0,298.257223563]],PRIMEM['Greenwich',0.0],UNIT['Degree',0.0174532925199433]],PROJECTION['Transverse_Mercator'],PARAMETER['False_Easting',500000.0],PARAMETER['False_Northing',0.0],PARAMETER['Central_Meridian',45.0],PARAMETER['Scale_Factor',0.9996],PARAMETER['Latitude_Of_Origin',0.0],UNIT['Meter',1.0]] # GEOGCS['GCS_WGS_1984',DATUM['D_WGS_1984',SPHEROID['WGS_1984',6378137.0,298.257223563]],PRIMEM['Greenwich',0.0],UNIT['Degree',0.0174532925199433]]</Process></lineage></DataProperties><MetaID>{AD28A053-0091-458B-9CC6-3A97EC5428B2}</MetaID></Esri><idinfo><native Sync="TRUE">Microsoft Windows XP Version 5.1 (Build 2600) Service Pack 2; ESRI ArcCatalog 9.3.1.1850</native><descript><langdata Sync="TRUE">en</langdata><abstract>Boundaries of Iraq's districts, circa 2004, with associated statistics. Adapted from HIC and WFP data.</abstract><purpose>For use with other ESOC-I data.</purpose></descript><citation><citeinfo><origin>REQUIRED: The name of an organization or individual that developed the data set.</origin><pubdate>REQUIRED: The date when the data set is published or otherwise made available for release.</pubdate><title Sync="TRUE">Iraq_district_boundaries_UTM</title><ftname Sync="TRUE">Iraq_district_boundaries_UTM</ftname><geoform Sync="TRUE">vector digital data</geoform><onlink Sync="TRUE">\\LUKE-PC\C$\Iraq Conflict Project\Iraq GIS Data\Boundary_Spending_Conflict Data (Hic_adjusted_7feb08)\District_shp_7feb2008\Iraq_district_boundaries_UTM.shp</onlink></citeinfo></citation><timeperd><current>ground condition</current><timeinfo><rngdates><begdate>January 2004</begdate><enddate>December 2004</enddate></rngdates></timeinfo></timeperd><status><progress>Complete</progress><update>As needed</update></status><spdom><bounding><westbc Sync="TRUE">38.491272</westbc><eastbc Sync="TRUE">48.954189</eastbc><northbc Sync="TRUE">37.402191</northbc><southbc Sync="TRUE">28.938070</southbc></bounding><lboundng><leftbc Sync="TRUE">-77761.576910</leftbc><rightbc Sync="TRUE">850347.957536</rightbc><bottombc Sync="TRUE">3215606.330543</bottombc><topbc Sync="TRUE">4139490.245606</topbc></lboundng></spdom><keywords><theme><themekey>Iraq</themekey></theme></keywords><accconst>No access restrictions. Please cite appropriately.</accconst><useconst>No use constraints.</useconst><natvform Sync="TRUE">Shapefile</natvform><ptcontac><cntinfo><cntperp><cntper>Luke Condra</cntper><cntorg>Stanford University</cntorg></cntperp><cntvoice>650-353-1198</cntvoice><cntemail>condra@stanford.edu</cntemail></cntinfo></ptcontac></idinfo><dataIdInfo><envirDesc Sync="TRUE">Microsoft Windows XP Version 5.1 (Build 2600) Service Pack 2; ESRI ArcCatalog 9.3.1.1850</envirDesc><dataLang><languageCode Sync="TRUE" value="en"></languageCode></dataLang><idCitation><resTitle Sync="TRUE">Iraq_district_boundaries_UTM</resTitle><presForm><PresFormCd Sync="TRUE" value="005"></PresFormCd></presForm></idCitation><spatRpType><SpatRepTypCd Sync="TRUE" value="001"></SpatRepTypCd></spatRpType><dataExt><geoEle><GeoBndBox esriExtentType="native"><westBL Sync="TRUE">-77761.57691</westBL><eastBL Sync="TRUE">850347.957536</eastBL><northBL Sync="TRUE">4139490.245606</northBL><southBL Sync="TRUE">3215606.330543</southBL><exTypeCode Sync="TRUE">1</exTypeCode></GeoBndBox></geoEle></dataExt><geoBox esriExtentType="decdegrees"><westBL Sync="TRUE">38.491272</westBL><eastBL Sync="TRUE">48.954189</eastBL><northBL Sync="TRUE">37.402191</northBL><southBL Sync="TRUE">28.93807</southBL><exTypeCode Sync="TRUE">1</exTypeCode></geoBox></dataIdInfo><metainfo><langmeta Sync="TRUE">en</langmeta><metstdn Sync="TRUE">FGDC Content Standards for Digital Geospatial Metadata</metstdn><metstdv Sync="TRUE">FGDC-STD-001-1998</metstdv><mettc Sync="TRUE">local time</mettc><metc><cntinfo><cntaddr><addrtype>REQUIRED: The mailing and/or physical address for the organization or individual.</addrtype><city>REQUIRED: The city of the address.</city><state>REQUIRED: The state or province of the address.</state><postal>REQUIRED: The ZIP or other postal code of the address.</postal></cntaddr><cntvoice>650-353-1198</cntvoice><cntperp><cntper>Luke Condra</cntper><cntorg>Stanford University</cntorg></cntperp><cntemail>condra@stanford.edu</cntemail></cntinfo></metc><metd Sync="TRUE">20090311</metd><metextns><onlink Sync="TRUE">http://www.esri.com/metadata/esriprof80.html</onlink><metprof Sync="TRUE">ESRI Metadata Profile</metprof></metextns></metainfo><mdLang><languageCode Sync="TRUE" value="en"></languageCode></mdLang><mdStanName Sync="TRUE">ISO 19115 Geographic Information - Metadata</mdStanName><mdStanVer Sync="TRUE">DIS_ESRI1.0</mdStanVer><mdChar><CharSetCd Sync="TRUE" value="004"></CharSetCd></mdChar><mdHrLv><ScopeCd Sync="TRUE" value="005"></ScopeCd></mdHrLv><mdHrLvName Sync="TRUE">dataset</mdHrLvName><distinfo><resdesc Sync="TRUE">Downloadable Data</resdesc><stdorder><digform><digtinfo><transize Sync="TRUE">0.705</transize><dssize Sync="TRUE">0.705</dssize></digtinfo></digform></stdorder></distinfo><distInfo><distributor><distorTran><onLineSrc><orDesc Sync="TRUE">002</orDesc><linkage Sync="TRUE">file://\\LUKE-PC\C$\Iraq Conflict Project\Iraq GIS Data\Boundary_Spending_Conflict Data (Hic_adjusted_7feb08)\District_shp_7feb2008\Iraq_district_boundaries_UTM.shp</linkage><protocol Sync="TRUE">Local Area Network</protocol></onLineSrc><transSize Sync="TRUE">0.705</transSize></distorTran><distorFormat><formatName Sync="TRUE">Shapefile</formatName></distorFormat></distributor></distInfo><spdoinfo><direct Sync="TRUE">Vector</direct><ptvctinf><esriterm Name="Iraq_district_boundaries_UTM"><efeatyp Sync="TRUE">Simple</efeatyp><efeageom Sync="TRUE">Polygon</efeageom><esritopo Sync="TRUE">FALSE</esritopo><efeacnt Sync="TRUE">104</efeacnt><spindex Sync="TRUE">FALSE</spindex><linrefer Sync="TRUE">FALSE</linrefer></esriterm><sdtsterm Name="Iraq_district_boundaries_UTM"><sdtstype Sync="TRUE">G-polygon</sdtstype><ptvctcnt Sync="TRUE">104</ptvctcnt></sdtsterm></ptvctinf></spdoinfo><spref><horizsys><cordsysn><geogcsn Sync="TRUE">GCS_WGS_1984</geogcsn><projcsn Sync="TRUE">WGS_1984_UTM_Zone_38N</projcsn></cordsysn><geodetic><horizdn Sync="TRUE">D_WGS_1984</horizdn><ellips Sync="TRUE">WGS_1984</ellips><semiaxis Sync="TRUE">6378137.000000</semiaxis><denflat Sync="TRUE">298.257224</denflat></geodetic><planar><planci><plance Sync="TRUE">coordinate pair</plance><plandu Sync="TRUE">meters</plandu><coordrep><absres Sync="TRUE">0.000000</absres><ordres Sync="TRUE">0.000000</ordres></coordrep></planci><gridsys><gridsysn Sync="TRUE">Universal Transverse Mercator</gridsysn><utm><utmzone Sync="TRUE">38</utmzone><transmer><sfctrmer Sync="TRUE">0.999600</sfctrmer><longcm Sync="TRUE">45.000000</longcm><latprjo Sync="TRUE">0.000000</latprjo><feast Sync="TRUE">500000.000000</feast><fnorth Sync="TRUE">0.000000</fnorth></transmer></utm></gridsys></planar></horizsys><vertdef><altsys><altenc Sync="TRUE">Explicit elevation coordinate included with horizontal coordinates</altenc><altres Sync="TRUE">0.000100</altres></altsys></vertdef></spref><refSysInfo><RefSystem><refSysID><identCode Sync="TRUE">WGS_1984_UTM_Zone_38N</identCode></refSysID></RefSystem></refSysInfo><spatRepInfo><VectSpatRep><topLvl><TopoLevCd Sync="TRUE" value="001"></TopoLevCd></topLvl><geometObjs Name="Iraq_district_boundaries_UTM"><geoObjTyp><GeoObjTypCd Sync="TRUE" value="001"></GeoObjTypCd></geoObjTyp><geoObjCnt Sync="TRUE">104</geoObjCnt></geometObjs></VectSpatRep></spatRepInfo><eainfo><detailed Name="Iraq_district_boundaries_UTM"><enttyp><enttypl Sync="TRUE">Iraq_district_boundaries_UTM</enttypl><enttypt Sync="TRUE">Feature Class</enttypt><enttypc Sync="TRUE">104</enttypc></enttyp><attr><attrlabl Sync="TRUE">OBJECTID</attrlabl><attalias Sync="TRUE">OBJECTID</attalias><attrtype Sync="TRUE">Number</attrtype><attwidth Sync="TRUE">9</attwidth><attrdef Sync="TRUE">Internal feature number.</attrdef><attrdefs Sync="TRUE">ESRI</attrdefs><attrdomv><udom Sync="TRUE">Sequential unique whole numbers that are automatically generated.</udom></attrdomv></attr><attr><attrlabl Sync="TRUE">Shape</attrlabl><attalias Sync="TRUE">Shape</attalias><attrtype Sync="TRUE">Geometry</attrtype><attwidth Sync="TRUE">0</attwidth><attrdef Sync="TRUE">Feature geometry.</attrdef><attrdefs Sync="TRUE">ESRI</attrdefs><attrdomv><udom Sync="TRUE">Coordinates defining the features.</udom></attrdomv><atprecis Sync="TRUE">0</atprecis><attscale Sync="TRUE">0</attscale></attr><attr><attrlabl Sync="TRUE">ADM3NAME</attrlabl><attalias Sync="TRUE">ADM3NAME</attalias><attrtype Sync="TRUE">String</attrtype><attwidth Sync="TRUE">16</attwidth></attr><attr><attrlabl Sync="TRUE">ADM3CODE</attrlabl><attalias Sync="TRUE">ADM3CODE</attalias><attrtype Sync="TRUE">String</attrtype><attwidth Sync="TRUE">16</attwidth></attr><attr><attrlabl Sync="TRUE">ADM2NAME</attrlabl><attalias Sync="TRUE">ADM2NAME</attalias><attrtype Sync="TRUE">String</attrtype><attwidth Sync="TRUE">16</attwidth></attr><attr><attrlabl Sync="TRUE">ADM2CODE</attrlabl><attalias Sync="TRUE">ADM2CODE</attalias><attrtype Sync="TRUE">String</attrtype><attwidth Sync="TRUE">16</attwidth></attr><attr><attrlabl Sync="TRUE">FID</attrlabl><attalias Sync="TRUE">FID</attalias><attrtype Sync="TRUE">OID</attrtype><attwidth Sync="TRUE">4</attwidth><attrdef Sync="TRUE">Internal feature number.</attrdef><attrdefs Sync="TRUE">ESRI</attrdefs><attrdomv><udom Sync="TRUE">Sequential unique whole numbers that are automatically generated.</udom></attrdomv><atprecis Sync="TRUE">0</atprecis><attscale Sync="TRUE">0</attscale></attr><attr><attrlabl Sync="TRUE">AREA_km2</attrlabl><attalias Sync="TRUE">AREA_KM2</attalias><attrtype Sync="TRUE">Double</attrtype><attwidth Sync="TRUE">19</attwidth><atprecis Sync="TRUE">18</atprecis><attscale Sync="TRUE">11</attscale></attr><attr><attrlabl Sync="TRUE">PERIM_km</attrlabl><attalias Sync="TRUE">PERIM_KM</attalias><attrtype Sync="TRUE">Double</attrtype><attwidth Sync="TRUE">19</attwidth><atprecis Sync="TRUE">18</atprecis><attscale Sync="TRUE">11</attscale></attr><attr><attrlabl Sync="TRUE">AREA_KM2</attrlabl><attalias Sync="TRUE">D_81</attalias><attrtype Sync="TRUE">Number</attrtype><attwidth Sync="TRUE">19</attwidth><atnumdec Sync="TRUE">11</atnumdec></attr><attr><attrlabl Sync="TRUE">PERIM_KM</attrlabl><attalias Sync="TRUE">D_61</attalias><attrtype Sync="TRUE">Number</attrtype><attwidth Sync="TRUE">19</attwidth><atnumdec Sync="TRUE">11</atnumdec></attr></detailed></eainfo><mdDateSt Sync="TRUE">20090311</mdDateSt><dataqual><lineage><procstep><procdesc Sync="TRUE">Dataset copied.</procdesc><srcused Sync="TRUE">\\usmasvdzapollo\Geomaps1\TEC Action Folder\CTC_Cult_Mapping_07\CTC_ESOC_08_1\Topology.mdb</srcused><date Sync="TRUE">20080207</date><time Sync="TRUE">09573300</time></procstep><procstep><procdesc Sync="TRUE">Dataset copied.</procdesc><srcused Sync="TRUE"></srcused><date Sync="TRUE">20080211</date><time Sync="TRUE">14230800</time></procstep><procstep><procdesc Sync="TRUE">Dataset copied.</procdesc><srcused Sync="TRUE"></srcused><date Sync="TRUE">20080211</date><time Sync="TRUE">14251600</time></procstep><procstep><procdesc Sync="TRUE">Metadata imported.</procdesc><srcused Sync="TRUE">C:\Iraq Conflict Project\Iraq GIS Data\Boundary_Spending_Conflict Data (Hic_adjusted_7feb08)\District_shp_7feb2008\Hic_district_poly_adjusted_7feb08_utm_38N.shp.xml</srcused><procdate Sync="TRUE">20090311</procdate><proctime Sync="TRUE">09435100</proctime></procstep></lineage></dataqual></metadata>
